From,To
1,434
2,926
3,76
4,121
5,731
6,22
7,343
8,800
9,742
10,533
11,858
12,788
13,992
14,493
15,111
16,849
17,143
18,969
19,208
20,272
21,621
22,831
23,976
24,22
25,665
26,673
27,466
28,983
29,391
30,409
31,506
32,673
33,686
34,792
35,784
36,303
37,203
38,229
39,513
40,335
41,150
42,522
43,927
44,342
45,854
46,194
47,633
48,382
49,315
50,89
51,906
52,706
53,561
54,893
55,660
56,868
57,203
58,451
59,738
60,414
61,288
62,113
63,868
64,65
65,8
66,293
67,132
68,764
69,752
70,802
71,19
72,225
73,595
74,290
75,608
76,958
77,34
78,531
79,101
80,207
81,754
82,300
83,802
84,909
85,652
86,919
87,815
88,748
89,277
90,929
91,751
92,322
93,165
94,404
95,950
96,320
97,809
98,930
99,215
100,219
101,440
102,853
103,836
104,379
105,301
106,624
107,817
108,886
109,699
110,886
111,964
112,381
113,624
114,206
115,317
116,104
117,796
118,673
119,682
120,353
121,448
122,779
123,745
124,297
125,461
126,357
127,317
128,843
129,629
130,622
131,605
132,471
133,926
134,509
135,17
136,594
137,587
138,892
139,546
140,788
141,47
142,98
143,831
144,28
145,134
146,209
147,144
148,529
149,344
150,672
151,2
152,339
153,473
154,58
155,699
156,418
157,179
158,771
159,8
160,507
161,32
162,455
163,655
164,238
165,884
166,789
167,319
168,925
169,770
170,612
171,374
172,286
173,878
174,300
175,200
176,54
177,331
178,400
179,191
180,465
181,456
182,633
183,571
184,829
185,351
186,27
187,658
188,702
189,197
190,205
191,86
192,378
193,965
194,143
195,373
196,320
197,31
198,238
199,836
200,136
201,591
202,385
203,861
204,407
205,613
206,965
207,314
208,160
209,231
210,31
211,278
212,400
213,674
214,423
215,668
216,262
217,730
218,703
219,587
220,432
221,703
222,567
223,974
224,450
225,913
226,140
227,922
228,467
229,386
230,342
231,479
232,336
233,349
234,767
235,529
236,917
237,721
238,566
239,639
240,159
241,537
242,29
243,69
244,731
245,903
246,711
247,523
248,4
249,549
250,206
251,246
252,902
253,3
254,859
255,977
256,628
257,578
258,42
259,274
260,249
261,750
262,112
263,421
264,411
265,142
266,724
267,445
268,568
269,925
270,30
271,948
272,565
273,481
274,730
275,942
276,982
277,624
278,185
279,630
280,498
281,512
282,276
283,764
284,101
285,536
286,641
287,312
288,668
289,280
290,570
291,482
292,306
293,513
294,354
295,949
296,417
297,74
298,743
299,579
300,992
301,476
302,41
303,800
304,1000
305,686
306,124
307,468
308,140
309,940
310,86
311,325
312,484
313,163
314,459
315,575
316,911
317,945
318,505
319,151
320,462
321,204
322,161
323,149
324,635
325,624
326,228
327,913
328,861
329,286
330,671
331,46
332,872
333,709
334,282
335,866
336,288
337,560
338,903
339,178
340,516
341,650
342,31
343,913
344,171
345,683
346,284
347,910
348,893
349,814
350,781
351,524
352,441
353,565
354,544
355,758
356,96
357,542
358,445
359,572
360,627
361,283
362,787
363,208
364,68
365,400
366,664
367,617
368,597
369,606
370,642
371,925
372,57
373,43
374,723
375,333
376,909
377,910
378,107
379,243
380,88
381,942
382,404
383,414
384,869
385,637
386,280
387,246
388,669
389,838
390,55
391,931
392,281
393,651
394,32
395,740
396,317
397,770
398,627
399,886
400,872
401,463
402,339
403,156
404,743
405,279
406,931
407,83
408,733
409,158
410,214
411,127
412,591
413,693
414,726
415,81
416,590
417,288
418,901
419,230
420,368
421,826
422,623
423,47
424,619
425,932
426,86
427,5
428,335
429,963
430,976
431,129
432,34
433,584
434,765
435,207
436,465
437,27
438,784
439,714
440,542
441,579
442,878
443,268
444,808
445,756
446,35
447,982
448,437
449,608
450,427
451,851
452,781
453,417
454,64
455,899
456,931
457,581
458,499
459,257
460,55
461,678
462,462
463,429
464,493
465,410
466,672
467,494
468,388
469,899
470,414
471,680
472,505
473,246
474,452
475,196
476,281
477,879
478,153
479,618
480,245
481,35
482,413
483,292
484,984
485,779
486,546
487,841
488,124
489,573
490,382
491,570
492,691
493,366
494,430
495,558
496,184
497,430
498,153
499,994
500,567
501,235
502,327
503,28
504,680
505,436
506,396
507,690
508,843
509,983
510,867
511,233
512,861
513,558
514,73
515,738
516,664
517,708
518,468
519,571
520,676
521,892
522,769
523,16
524,381
525,215
526,984
527,130
528,370
529,908
530,407
531,134
532,421
533,296
534,404
535,847
536,226
537,238
538,905
539,72
540,24
541,417
542,949
543,848
544,44
545,41
546,746
547,687
548,844
549,176
550,491
551,438
552,490
553,264
554,135
555,876
556,275
557,239
558,285
559,479
560,635
561,551
562,526
563,537
564,353
565,430
566,104
567,30
568,876
569,750
570,612
571,35
572,831
573,384
574,879
575,893
576,125
577,316
578,49
579,290
580,406
581,116
582,805
583,389
584,321
585,878
586,836
587,370
588,733
589,993
590,812
591,311
592,534
593,780
594,122
595,552
596,26
597,681
598,181
599,222
600,942
601,462
602,923
603,538
604,189
605,336
606,107
607,15
608,75
609,63
610,981
611,62
612,878
613,901
614,177
615,512
616,862
617,958
618,576
619,656
620,417
621,132
622,172
623,560
624,876
625,488
626,624
627,794
628,482
629,928
630,707
631,257
632,379
633,978
634,345
635,486
636,782
637,352
638,895
639,73
640,968
641,404
642,1
643,302
644,770
645,752
646,750
647,536
648,588
649,255
650,831
651,900
652,302
653,391
654,598
655,147
656,441
657,564
658,654
659,670
660,466
661,114
662,168
663,803
664,485
665,285
666,879
667,302
668,486
669,306
670,854
671,663
672,88
673,464
674,225
675,26
676,327
677,416
678,561
679,906
680,932
681,474
682,229
683,429
684,735
685,714
686,786
687,841
688,118
689,333
690,393
691,246
692,721
693,795
694,791
695,751
696,260
697,97
698,243
699,665
700,134
701,310
702,208
703,633
704,492
705,387
706,358
707,663
708,405
709,309
710,471
711,706
712,937
713,885
714,64
715,337
716,819
717,51
718,697
719,8
720,417
721,23
722,109
723,556
724,147
725,35
726,714
727,8
728,304
729,409
730,371
731,275
732,708
733,125
734,561
735,571
736,15
737,300
738,6
739,863
740,216
741,928
742,160
743,658
744,301
745,268
746,984
747,729
748,696
749,52
750,798
751,275
752,603
753,348
754,702
755,135
756,745
757,902
758,258
759,172
760,257
761,12
762,532
763,765
764,133
765,83
766,397
767,442
768,415
769,973
770,281
771,213
772,204
773,442
774,474
775,331
776,589
777,219
778,645
779,452
780,720
781,739
782,581
783,498
784,757
785,426
786,255
787,514
788,261
789,723
790,326
791,411
792,35
793,462
794,668
795,837
796,836
797,729
798,342
799,567
800,227
801,567
802,37
803,505
804,234
805,529
806,639
807,59
808,323
809,243
810,250
811,771
812,758
813,728
814,307
815,286
816,978
817,724
818,668
819,256
820,901
821,663
822,307
823,45
824,728
825,958
826,476
827,614
828,93
829,961
830,234
831,672
832,586
833,716
834,719
835,476
836,369
837,626
838,111
839,659
840,384
841,132
842,613
843,495
844,838
845,159
846,815
847,370
848,799
849,523
850,352
851,14
852,389
853,992
854,2
855,912
856,264
857,291
858,106
859,468
860,972
861,833
862,28
863,962
864,915
865,905
866,852
867,362
868,347
869,988
870,484
871,160
872,120
873,681
874,274
875,30
876,820
877,804
878,336
879,11
880,632
881,844
882,653
883,19
884,636
885,558
886,78
887,538
888,883
889,632
890,342
891,173
892,321
893,898
894,456
895,285
896,100
897,269
898,73
899,127
900,919
901,562
902,584
903,885
904,977
905,733
906,183
907,206
908,864
909,992
910,799
911,43
912,763
913,652
914,212
915,451
916,296
917,372
918,640
919,817
920,658
921,285
922,263
923,231
924,860
925,389
926,5
927,100
928,232
929,686
930,78
931,389
932,684
933,580
934,225
935,447
936,32
937,690
938,621
939,652
940,98
941,523
942,336
943,220
944,854
945,712
946,226
947,291
948,235
949,804
950,743
951,451
952,512
953,667
954,286
955,17
956,717
957,463
958,449
959,661
960,477
961,94
962,367
963,897
964,928
965,900
966,506
967,512
968,335
969,113
970,629
971,616
972,943
973,727
974,1
975,233
976,176
977,968
978,223
979,437
980,84
981,823
982,309
983,796
984,166
985,224
986,457
987,764
988,757
989,666
990,621
991,637
992,843
993,70
994,115
995,156
996,181
997,637
998,192
999,627
1000,775
